text,result
@dominos my order should be extra perfect after this hour long check. Cold but perfect. https://t.co/ZZ5B9UQkSw,positive
@Pokediger1 @dominos 2hours ago?!? Your pizza litterly went to someone house besides your house üòå,negative
@CathyDonaghy3 @dominos It was rude of me not to drop you over some.,negative
@dominos WHY DOES IT SAY THERE IS NO DELIVERY AVAILABLE ON THE APP AND NO ONE ANSWERS THE PHONE AT MY STORE??,negative
RT @Ana2018skz: @dominos @istgHANdcutest @2021MAMAMnet Can you make an ad with their song? It would be really cool and it‚Äôs really catchy!,positive
"@dominos 50% off means 50% effort. Ordered large extra cheese with half pepperoni.
I got a flat burned disc with 50‚Ä¶ https://t.co/0Q0ZpOEcPm",negative
"@irenefarren @Trickstersworld @dominos Yeah, like all antivaxxers are just ""uncomfortable."" üôÑ Good one, Irene.",negative
@dominos @istgHANdcutest @2021MAMAMnet Can you make an ad with their song? It would be really cool and it‚Äôs really catchy!,positive
"This is some bullshit from @dominos . And, they don‚Äôt ever hook me up when my order is jacked. I‚Äôm glad somebody el‚Ä¶ https://t.co/vwMM5AaEke",negative
"@dominos I LOVE your new User Interface on your website!
No more clicking through menus. 

Please tell your UI deve‚Ä¶ https://t.co/JTjkgWu7E2",positive
Dear @AccessHealthCT please make getting my healthcare as easy as it is to order a pizza from @dominos.,positive
"@dominos this is what melted cheese is supposed to look like. Since I had to cook my own food, y‚Äôall need to refund‚Ä¶ https://t.co/5YgEdCFczt",negative
@dominos is The worst pizza. I order one cheese and veg pizza and found the pieces of meat. And my husband started‚Ä¶ https://t.co/0MPT3dxj1C,negative
@dominos I‚Äôm thankful for not having caught COVID yet. Tell you employees so I can continue to say that‚Ä¶ https://t.co/ixQdMjkkNj,negative
@dominos I‚Äôd be thankful if your app actually worked. It hasn‚Äôt for months now. I have a free pizza to redeem and i‚Ä¶ https://t.co/YYK45LFo5d,positive
@dominos why don‚Äôt your employees wear masks indoors or when being a pizza and and handing it to me?,negative
@KidFromTheX @dominos Good for you‚Ä¶ cause ain‚Äôt no way I‚Äôm touching a stove tonight!,positive
"@AngryBlackLady Yeah, it was very good.   Pizza isn't that complicated.  Only the worst corporations are able to sc‚Ä¶ https://t.co/2iZBJJqIEL",positive
@dominos The chicken was not delivered and day after I was told that they were out of chicken and readjust a charge‚Ä¶ https://t.co/vwnLNvmGji,negative
Why can‚Äôt you order curbside over the phone? @dominos,negative
My family just ordered @dominos pizza for delivery. They claimed they called us to tell us they couldn‚Äôt drop it of‚Ä¶ https://t.co/wPRU86gewe,negative
@dominos if this is the product you serve your customers then shame on you! Help me understand how a baked cheese d‚Ä¶ https://t.co/KC0wFObrgX,negative
We just had the worst experience with @dominos,negative
"@dominos I got an email stating that i had a credit at the store, i called the store and was informed that i did not have any pending credit",negative
@theojsunnyd @dominos This looks so fucking amazing,positive
Good job @dominos hats off to u guys,positive
RT @ritasauruss: @dominos sorry but arnt pizzas round? Like huh? https://t.co/SL5hKl9qV9,negative
"‚Å¶@dominos‚Å© Thank you, and I hope you have a Happy Thanksgiving as well ‚ù§Ô∏è https://t.co/PkQHgYzBC4",positive
Ordered my pizza thought @zomato from @dominos delivery was guarantee by 45 min took more than 1hr till waiting for‚Ä¶ https://t.co/fzI2FBcj9d,negative
@dominos mf preventing me from getting NA pizza cause I have no access to my email üòÇüòÇüòÇ one of the stupidest shit I‚Ä¶ https://t.co/uOlq7mFYg7,negative
"@NotSoThick @dominos I love dominos, but tf? ü•¥üíÄ",positive
@dominos @Trickstersworld @Dogbowl31Medb More of this? Wtf has this pandemic done to the left? https://t.co/L9ziOfXm7U,negative
"day ten of complimenting @dominos every day until they give me a free pizza

THIS THANKSGIVING I AM THANKFUL  FOR DOMINO'S PIZZA (slaps)",positive
"@Trickstersworld @dominos Big fan, but have to be honest and agree this was a dick move.. Tweet dropped on my timel‚Ä¶ https://t.co/VmF0hpUt6S",positive
"@Pokediger1 @dominos it happened to me once, and the reason of being late was because at that store were only 2 del‚Ä¶ https://t.co/398iZlMZ4h",negative
"@dominos tried placing an order on app. Wouldn't go through, forced me to call store. Called the store. My total is‚Ä¶ https://t.co/mVnfFRJAcz",negative
@ThePhilosopha23 @dominos It is. Bet Skip eats Domino‚Äôs.,negative
@Trickstersworld @dominos Good to know,positive
@dominos I'm thankful for better ingredients and pizza. My bad,positive
The @dominos in Buena Vista sucks ass tbh,negative
"Has ANYONE produced a set of TV ads MORE annoying than @dominos ???
I like pizza, but I'll NEVER have one of theirs again.",negative
@xsuperhan @dominos Always happens though! I don‚Äôt get why they don‚Äôt deliver it! And you tell the driver and the r‚Ä¶ https://t.co/MnCSqC9FCv,negative
@irenefarren @Trickstersworld @dominos https://t.co/xyeoQkVGnL. Dominoes would argue against your nonsense,negative
@Trickstersworld @dominos If you dont want people comiing to your front door don't order takeaway and don't treat them like servants,negative
@dominos sorry but arnt pizzas round? Like huh? https://t.co/SL5hKl9qV9,negative
@Trickstersworld @dominos Thats horrible to be treating people like  that. The delivery person is not obliged to we‚Ä¶ https://t.co/MVXE03tTvv,negative
I got @Dominos delivered and they brought me a Surprise Free! #FreesNotFees,positive
"@dominos Jason, I DM‚Äôd but no response yet. Still no refund.",negative
"@dominos just to prove the points, it‚Äôs been an hour I placed an order , pizza has not arrived, it was quality chec‚Ä¶ https://t.co/JFmxC4INTx",negative
"@Trickstersworld @dominos Topless?

Or just ordinary impolite? ü§£ü§£ü§£",negative
@naenae_dimpliez @dominos Wtf did they play hockey with it or,negative
@dominos I'm thankful for Bitcoin  and pizza.,positive
@dominos IM STILL WAITING,negative
@TinaMurnotbot @dominos I was as impolite as he was.,negative
@KingJames @NBA @kfc Bruh mf @dominos  delayed my pizza by 2 mins hella mad.,negative
"@dominos I would be thankful for the garlic sauce I paid for with my order, but it was left out and the store said‚Ä¶ https://t.co/GjuflRhnzg",positive
@dominos Avoiding the noid,negative
The @dominos driver just showed up with his mask as a chin strap. When I asked him to put it on properly he told me‚Ä¶ https://t.co/LNr0rympqS,negative
@dominos do you guys not answer DMS?!?! It‚Äôs been almost 2hrs and I haven‚Äôt received my order and the location won‚Äôt even pick up the phone,negative
The one (and only) advantage of being #glutenfree is that you get a whole @dominos pizza to yourself for lunch at team away day üçïüçïüçï,positive
how have @dominos not come up with a reward system yet the amount me and the misses spend on there is a joke,positive
@AVFCZook @dominos Expensive addiction,positive
I'm v much addicted to @dominos at this point could do w a lifetime supply https://t.co/D1ZnNcch3U,positive
@dominos I am thankful for a job with Domino's Pizza and pizzaüòä,positive
@dominos y'all make me sick two pizzas were like this https://t.co/ulmn6faH1D,negative
"@dominos Is there anyone I can get in contact with at corporate today? I am highly upset with the service at your location in Barstow, CA.",negative
Placed an order at @dominos and they just told me they ran out of pizza sauce to make pizza. How ghetto. üòí,negative
"I just asked @Dominos to deliver my pizza in 1.5 hours. Giving me enough time for a 90-minute writing shift. 
This‚Ä¶ https://t.co/m9OfmSrIse",negative
"Dear Domino's, 6 days and no response what's so ever. Is this the service which you provide? Have reached out using‚Ä¶ https://t.co/Y7b6Pnkmc9",negative
@dominos I am so sick of this place. I ordered from the Mascoutah Illinois location 35-40 minutes go by. Then get a‚Ä¶ https://t.co/4NgnACWZwe,negative
@dominos I skinned one of your delivery men alive,negative
@WelshWitcher @dominos 100% ruins the meal when they do that. I‚Äôm with you my friend. üò≠,negative
"Why is it whenever you order a @dominos they always forget your garlic and herb big dip! 
Like every time! I know i‚Ä¶ https://t.co/6WfJzrSwcl",negative
"Man can't even get @PapaJohns nor @dominos 
All I got is $20 this shit fucked https://t.co/A2imMnnGac",negative
@dominos I‚Äôm thankful for ur garlic bread and ur amazing pizza,positive
@SilinaLee @dominos This is unacceptable! Please contact us at 888-828-4075 and let me know all the disappointing details.,negative
@dominos ‚Ä¶ love and pizza‚Ä¶. And sometimes there‚Äôs only pizza.,positive
Hello @dominos I want to be able to pay for üçï with #SHIB ! Could you accept #SHIB as a form of payment? Thank you!‚Ä¶ https://t.co/r5S7UgJzH3,positive
@dominos Are you going to make this customer happy? This is terrible customer services. #awful #badpizza‚Ä¶ https://t.co/tZhivgsQkJ,negative
"@dominos Patience, if I didn‚Äôt have it I‚Äôd never get a pizza from you.",negative
Hey @dominos Stormy wants a job. She is a big fan of cheesy bread and promises to beat all other drivers delivery t‚Ä¶ https://t.co/dyIFqnoojs,positive
Hey @dominos Thanks for doing a great job at doing nothing.  Not stopping with this garbage can pizza.  Straight in‚Ä¶ https://t.co/PXDqyl1umn,negative
@SirSleezy_ @dominos This is why domino's is better,positive
Thoroughly disappointed in @dominos pk. Been more then 1.5 hours and not delivered  upon calling the made an excuse‚Ä¶ https://t.co/CY7al5NZ5z,negative
RT @ayrshirecancer: What a serving for our Boxing Day Dip participants!  Huge thanks to @dominos who are going to be donating free üçï to our‚Ä¶,positive
@dominos Bad service,negative
@dominos I'm thankful for breadsticks and pizza. I'm also thankful for ranch and bleu cheese dressing and pizza!,positive
"Worst ambience And unhygienic protocols.... Dominos Vijayawada
 @dominos @dominos_india
 @jubliantfoodworks‚Ä¶ https://t.co/Ga3gqATPCA",negative
"@PureStorage @dominos @purestorage @dominos When I'm tired of turkey, pizza is my ""go to"" fave.  So fun to see a ne‚Ä¶ https://t.co/FT6yYHfPee",positive
@AnthonyRBorden @KeithHabs @dominos It‚Äôs SO good.,positive
@dominos I ordered dominoes last night and there was male ejaculate on my crust. Not sure how it got there. Is that‚Ä¶ https://t.co/QKt8Pz9ZGh,negative
@dominos Free pizza,positive
@dominos tell them to bring back the Oreo pizza !!!!!!!,positive
"@Pokediger1 @dominos Good job, you ordered from the beat pizza in the world üëç",positive
Was this the real motivation... @bet365 hackathon @staffsuni @dominos https://t.co/NOHgSGvAiv,positive
@dominos I‚Äôm thankful for free dominos pizza and pizza,positive
@dominos Pizza and pizza only,positive
@dominos Im thankful for Family and Pizza!,positive
@dominos I'm thankful for Work and pizza.,positive
@dominos I'm thankful for toilet roll and pizza,positive
RT @SirSleezy_: @dominos I ordered dominoes last night and there was male ejaculate on my crust. Not sure how it got there. Is that how you‚Ä¶,negative
@dominos I‚Äôm thankful for Pizza and Pizza üçï,positive
"@dominos My Family, Friends, BFF, Apartment, &amp; Health Plus PizzaüôÇ.",positive
@dominos I'm thankful for pizza and pizza.,positive
@dominos I ordered dominoes last night and there was male ejaculate on my crust. Not sure how it got there. Is that‚Ä¶ https://t.co/oxgc92cbrU,negative
@dominos Im thankful for @dominos and pizza. Now can y‚Äôall respond to my message üòÇ,positive
@dominos this 3rd to 4th time with me that order was rejected by dominos representative at vidyadhar nagar store no‚Ä¶ https://t.co/TVvCn7xzF4,negative
@dominos @dominos_india why are charging money for carrying where I specially came to your outlet to recieve Pizza‚Ä¶ https://t.co/snSNJN4xhO,negative
@dominos I'm thankful for burger and pizza,positive
RT @Pokediger1: I ordered a pizza 2 hours ago from @dominos.. still not here ü§î,negative
@dominos Appearently your Tuscaloosa store thought I‚Äôd be thankful for hair and pizza üò≠ https://t.co/lzroMuK5pZ,positive
@dominos Im thankful for #Xbox20 and pizza üçï! üòÜ,positive
@dominos I‚Äôm thankful for the grandkids that live in an area where I can get your pizza @dominos ‚ù§Ô∏èüòÇ,positive
@dominos I am thankful for beer and pizza,positive
@dominos I'm thankful for friends and pizza!!,positive
@iamGmoneyfrm800 @dominos Nahhhh I said wtf I said y‚Äôall pizza is NASTY y‚Äôall need to fix y‚Äôall recipe or sum,negative
@robertisnthere @shadihamid @dominos Dominoes pizza can only sow hatred in my heart.,negative
@robertisnthere @dominos amazing üòÜ,positive
@dominos noida sector 50 is fraud. They have take the amount but couldn't deliver the product,negative
@dominos Is this the quality that you promise? Disappointed. https://t.co/zp2hRhLUxv,negative
@Dominos_UK @AfterEightUKI British expat here....can you have a word with @dominos here in the US cause I just cried at this lol,negative
"RT @NicolesChoice1: I order @Dominos delivered and still, they did NOT bring me a Surprise Free! #FreesNotFees",negative
"@dominos_india worst service at Pandit Deen Dayal Upadhyaya Nagar (Mughalsarai)
Order  not deliver yet.
@dominos https://t.co/xd7wCeir6u",negative
@dominos why are you sending false messages.... https://t.co/q4wvjA8bHh,negative
@dominos just wanted to give üëç to the Tewkesbury high Street branch for providing excellent service consistently! So a big thank you! üòÅ,positive
üçï @Dominos just gets it! They gave delivery customers $50 gift cards to local restaurants in an effort to support a‚Ä¶ https://t.co/HpRPFA709x,positive
@dominos trying to call for order since 20 mins.. no response,negative
@dominos @dominos_india Udhampur branch J &amp; K is cancelling orders after accepting. Sheer violation of guidelines a‚Ä¶ https://t.co/nyySbYSsYO,negative
RT @FinesseEness: Dominos need to stop selling wings I gotta finish cooking myself. Are y‚Äôall tryna give us salmonella? @dominos EXPLAIN YO‚Ä¶,negative
@oyelakshya @palashk54 @dominos Or maybe even ask Pizza hut to send a delivery boy to Dominos and get our Pizza delivered.,negative
@Shiv_rants @palashk54 @dominos Call Pizza Hut and ask them to call dominos that isn‚Äôt my order delivered üòÇüî´,negative
@palashk54 @dominos Try calling Pizza hut ?!,negative
@GodkuTV @JaredFPS @dominos shit is nasty,negative
@dominos Who can deny for a free pizza ü§£,positive
RT @dominos: RT if you hate Mondays but love pizza.,positive
RT @dominos: RT if you hate Mondays but love pizza.,positive
@dominos Pizza is lifeü§ü,positive
@apieper70 @dominos It said delivered,negative
@ThatApolloApex @CQPimp @dominos Why what nothing I've explained 3 times I'm not doing it again,negative
"@dominos sometimes I think about the ""2 minute guarantee"" well I'm home and how they started pushing this while sto‚Ä¶ https://t.co/9EZr3BSUMn",negative
@dominos do i RT if i hate hair on my pizza? because that‚Äôs what y‚Äôall gave me https://t.co/fATJs6L6DI,negative
"@dominos i am,but not if you‚Äôre gonna continue putting hair on it https://t.co/gYUMvd3X06",negative
@BurgerKing @dominos does your burger have hair? because @dominos pizza does https://t.co/BvrzMSiUkp,negative
@BurgerKing @dominos Well it depends on which type of shit I want to take the next morning. If I'm in the mood for‚Ä¶ https://t.co/o6PbykZssN,negative
@dominos I just ate it yummy,positive
"@emilliathomasx @dominos that‚Äôs american one, it looks even better",positive
"@jolich67 @dominos I mean. I did, but I'm still pretty unhappy with the delivery.",negative
@dominos Yes you provide  cold one,negative
RT @Pokediger1: I ordered a pizza 2 hours ago from @dominos.. still not here ü§î,negative
@_Creeeamy @BurgerKing @dominos i say that about overrated ass mcdonalds lol. i like bk tho. i worked there for 3yr‚Ä¶ https://t.co/IexvpOE6uU,negative
@dominos @dominos_india Nothing credited till date. https://t.co/Tnt5hc88jJ,negative
@dominos yall wings need to get better bc wtf did i just eat famüôéüèΩ‚Äç‚ôÇÔ∏è,negative
@dominos hey I ordered a pizza and never got it and the store won‚Äôt answer my calls.:(,negative
RT @Astrosuryansh: @dominos i complained about an order few days back and haven't recieved any response from the customer care. Nice custom‚Ä¶,negative
"@thepinkminkog @dominos I‚Äôve had the experience where Dominos employees wouldn‚Äôt pick up, you call that place and they couldn‚Äôt care less..",negative
@thepinkminkog @dominos Looks fine to me.,positive
@dominos @Pokediger1 Jess ur so late with the pizza poor poke been waiting,negative
"@dominos has some of the most abysmal customer service. Ordered food that never arrived, called and the store didn‚Äô‚Ä¶ https://t.co/t5KCu756hu",negative
"@Pokediger1 @dominos Forget about your pizza, they ate it.",negative
@dominos I don't get deliveries where I live unless they're from third party apps. 3rd party drivers are good peopl‚Ä¶ https://t.co/9VVquaUAr0,negative
thank you @dominos for always making a friends night the best https://t.co/onW3Kzus1n,positive
I love this @dominos https://t.co/A2pAxZ6EAP,positive
@dominos I am but it takes over 25 minutes to do a quality check on the pizza I ordered been waiting over an hour now.,negative
Man @dominos car side delivery is on point. Never had a single order over the time limit.,positive
RT @dominos: Leftover pizza &gt; leftover dry turkey that no amount of gravy could save,negative
"I paid $22.75 to my local @dominos over 2.5 hours ago, still no sign of my food. I've called multiple times and eac‚Ä¶ https://t.co/recyVJ1392",negative
My husband just spent 20 minutes trying to figure out why @dominos wasn‚Äôt giving him the advertised prices on our o‚Ä¶ https://t.co/JjNBrTSO64,negative
@dominos Am I missing something here? The app will not let me pay $5.99 for each item. #disappointed https://t.co/JUYkUKcrQh,negative
"@dominos damn dominos. I know it‚Äôs the day after thanksgiving, and people are tired, but sheesh. https://t.co/4QqJMINKgf",negative
@dominos how do you forget to put sauce on the pizza? ü§¶üèº‚Äç‚ôÇÔ∏è#epicfail #DominosPizza #dominos,negative
@dominos Makes me feel like shit,negative
RT @dominos: Leftover pizza &gt; leftover dry turkey that no amount of gravy could save,negative
@dominos Can y'all please reply ?,negative
When you‚Äôve had enough of ü¶É it‚Äôs @dominos to the rescue Lol üçï time üëçüèªüëçüèª https://t.co/1Z8ebUc0NE,positive
@dominos Finally got it almost 2 hours after I ordered. My pizza and wings were cold ü•≤,negative
@dominos I LOVE DOMINOS #DOMINOS,positive
RT @JibrinBashir11: Good day @dominos  #ShibArmy inviting you onboard #shibspacecraft for a fun ride @shib,positive
RT @Dharma137649: I can order @dominos from @decentraland right now and get it delivered to my door. Digital land owners can buy franchise‚Ä¶,positive
RT @dominos: Leftover pizza &gt; leftover dry turkey that no amount of gravy could save,negative
@dominos I've sent dms. I've not gotten a reply and I feel this is a big deal. This isn't just someone messed up my‚Ä¶ https://t.co/WSMgZMpcLi,negative
RT @JeremyThePTA: Apparently @dominos has thrown in the towel on pizza. Called the store and they said that‚Äôs how they make pan pizza. #wou‚Ä¶,negative
Company's want to play fuckaround are about to find out. @dominos. And @TMobile scaming customers making them pay a‚Ä¶ https://t.co/IclDPeGC0t,negative
"@Dominos_UK @dominos still waiting over 2 hours since I ordered, kids have gone to bed hungry. I‚Äôve spent the night‚Ä¶ https://t.co/J9K9rDJT38",negative
@dominos I love pizza lol,negative
"@BowlesyM @AMG1086 @Dominos_UK @dominos What‚Äôs the problem Alex? Order a baby pizza, get a baby pizza. Stop trying‚Ä¶ https://t.co/z4uStcwvwG",negative
@dominos @Raw_Nigga Bro wtf,negative
@dominos @Raw_Nigga Cancelled,negative
@dominos charged me twice and then told me that didn‚Äôt get the order ü•¥,negative
"Did I order from @dominos 3 times in the same week? Yes. 

Did I get anything free? No.",positive
@dominos @kelsie_mangar Be weary about ordering dominoes everyone!!!! https://t.co/FFNHtHWz54,negative
@dominos @kelsie_mangar I contact this ‚ÄúJamal‚Äù and still nothing!!! This company is a sham!!!!,negative
@dominos pizza tracker says delivered. No pizza is here. Store won't answer phone. Waddup?,negative
Upset that every time I order dominos I‚Äôve never gotten any free food gifts. @dominos,negative
@AMG1086 @Dominos_UK @dominos Looks nice to me,positive
RT @dominos: Leftover pizza &gt; leftover dry turkey that no amount of gravy could save,negative
RT @dominos: Leftover pizza &gt; leftover dry turkey that no amount of gravy could save,negative
@dominos I don‚Äôt understand why you don‚Äôt let people use gift cards on your app or over the phone! The driver has t‚Ä¶ https://t.co/ipG1OwCcje,negative
"@dominos is a legendary company.  

https://t.co/tvWxpaPOn7",positive
how y‚Äôall forget my alfredo sauce?! ü§î on my ALFREDO PASTA!! ü§¶üèæ‚Äç‚ôÄÔ∏è @dominos,negative
@CHIMERAedm @dominos No!!! Obviously not!!! What kind of psycho would order a pizza without sauce in between the ch‚Ä¶ https://t.co/N3PiR1SnKr,negative
I had a tough experience with @Dominos. Anyone have a connection? I‚Äôm not getting very far. I don‚Äôt want to tell the whole story here.,negative
"@EnvSports @dominos Ordered mine an hour ago, the site says delivered but I haven‚Äôt gotten my pizza as yet üòí",negative
@Dominos_UK @dominos Yes they told us to bring it back but all our other food would of been cold. Really disappointed in dominos,negative
Politics is just one big game designed to make you forget that @dominos pizza taste like shit,negative
@dominos @Dominos_UK this some@sot of sick joke lads? Surely this isn‚Äôt acceptable https://t.co/XD2QCsbrqW,negative
"day twelve of complimenting @dominos every day until they give me a free pizza

your  sauce   is      bustling",positive
@dominos is Little Sutton open? Not answering phone. Not received an order.,negative
@dominos It was literally just cheese and bread with no sauce in between,negative
@dominos I ordered a pizza an hour ago and it didn‚Äôt have any sauce on it. I‚Äôm really upset by this.,negative
"Basically got 2 free pizzas from @dominos , they‚Äôre promoting free items for your order and given out approx. a million of them.",positive
"@dominos Why is it, you guy's let your workers off Thanksgiving. Yet never Christmas??? How is that fair?",negative
"@Dominos_UK @dominos my pizza says it has been delivered, it‚Äôs not arrived here‚Ä¶ have tried phoning the store sever‚Ä¶ https://t.co/QGMttETPYM",negative
@dominos Your commercial that bashes delivery services is pure propaganda nonsense. Delivery services are what kept‚Ä¶ https://t.co/RUzTnX3aZH,negative
Thank you @dominos for being open on Thanksgiving,positive
@dominos I ask if she could get it redelivered amd she said no cuz you was too busy and hung up the phone in my fac‚Ä¶ https://t.co/PhTkyoHe39,negative
@dominos so I waited 30 mins and still never received it so I called back askin bout my order she said it had alrea‚Ä¶ https://t.co/kqGn2yB2m7,negative
"@dominos I'm at very upset , I order from dominos today before they open , my pizza was never delivered and when I‚Ä¶ https://t.co/ACwtscjm6h",negative
@dominos Turkey and pizza don‚Äôt go well together,negative
oh nothing.. on the phone with @dominos ONCE AGAIN! bc they can never seem to get my order right or at least cook it thoroughly,negative
@dominos I‚Äôm trying to get some help but I‚Äôve not been able to get anywhere.,negative
@dominos_india Thanks for your gesture. Requesting resolution. @dominos,positive
@dominos hello I submitted a complaint to corporate on October and have been trying to get  my money back due to an‚Ä¶ https://t.co/IrPWigg92g,negative
RT @dominos: Leftover pizza &gt; leftover dry turkey that no amount of gravy could save,negative
@fccview @dominos @dominosmusic lmfao i deleted it so stupid üòÇ did not even saw it were the pizza thing,negative
RT @dominos: Leftover pizza &gt; leftover dry turkey that no amount of gravy could save,negative
We'd like to say a huge thank you to @ProjectDUK @dominos @Sportkeele @KeeleSU @KPAKeele and @FoodDrinkKeele for do‚Ä¶ https://t.co/Xlv7r9pDvb,positive
@dominos @dominos I agree. If you don't eat that turnkey within 3 hours of out the oven its blah. But leftover 3 to‚Ä¶ https://t.co/IJxuQvUgZi,negative
@dominos why did I have to wait over a hour n a half for a pizza when it said 30-40 minutes? Plus it was undercooke‚Ä¶ https://t.co/klHsqxWzLD,positive
RT @dominos: Leftover pizza &gt; leftover dry turkey that no amount of gravy could save,negative
"@dominos No gravy, condiment or divine intervention could save that bit of fried dough smothered in orange sauce you attempt to call Pizza",negative
RT @yudeckiel: @dominos  prosecute against me with the charges they accused me of?,negative
@dominos there‚Äôs hair in my pizza https://t.co/2Cozt0NvMT,negative
RT @dominos: Leftover pizza &gt; leftover dry turkey that no amount of gravy could save,negative
@dominos ordered 2 cheeseburger pizza and they forgot to put burger sauce on one of them...gutted,negative
@dominos Disagree,negative
@dominos Leftover pizza is so yummy,positive
@dominos - Pls DM me and EXPLAIN why an order for 8 large pizza‚Äôs that I placed online at 9am for in store PICKUP a‚Ä¶ https://t.co/V3UdEe48gq,negative
@dominos_india This form doesn't work... what is this?do you not care about your customers @ShieldVoC @dominos_india @dominos,negative
Hi @dominos I just fell in love with you just saw your commercial about the egregious fees Delivery Apps charge and‚Ä¶ https://t.co/kM2Xl5PZG1,negative
"@dominos yes we love leftover pizza, but can you please put ""aye domino"" back in your bioüôè",positive
@dominos not a fun experience on thanksgiving with a store discriminating against me with a disability.  And being‚Ä¶ https://t.co/kYah0qhQNQ,negative
"@dominos  Nothing better than Large, BBQ Base, cheese, red onion, peppers, chorizo &amp; sweetcorn üçï#BlackFridayWithDominos",positive
@dominos yo i want my fucking money back. Its been 2 days and not a word from you. I never got my pizza wtf is wrong with ya ?,negative
@dominos_india @dominos this sub standard and ridiculous product has been delivered by DLF CITY CENTRE OUTLET GURGA‚Ä¶ https://t.co/1FJH2wXip3,negative
"@Keith02 @dominos I haven't liked it since they changed the crust.
Also, the sauce is too sweet, now.",negative
@Dominos_UK @Dominos_UK @dominos has to be Texas bbq üòç,positive
@dominos has to be the cheeseburger on the double decadence base üî•üî•üî•üî•üî•üî•üî• üçï #BlackFridayWithDominos,positive
@dominostory @dominos #kimseonho ! Dominos have some  ethics ! Stop promoting cancel culture. This is wrong ! https://t.co/8quYMIUPBU,negative
@Dominos_UK @dominos double cheese and pineapple will always be a winnerüòé #BlackFridayWithDominos,positive
RT @BONKED_MERRELL: @dominos Bruh pineapple on pizza is gross,negative
@dominos cancelled my order after 30 min guarantee time was over https://t.co/AxlW4fGR9N,negative
"@pizzahut Just placed a sizeable order with @dominos instead thanks to your crappy restaurant in Bremen, GA. Maybe @PapaJohns next week!",positive
@dominos Jkjkjk I love you domino not pizza hut cuz pizza hut lowkey sucks,positive
@dominos I'm thankful for straykids and (domino) pizza. Bcuz they make my life better like I'm in heaven üòç now I'm gonna go eat my pizza hut,positive
#BlackFridayWithDominos lowkey wanna see what the features ones about w bbq base and a thin crust cuh been told it‚Äô‚Ä¶ https://t.co/YNT3OrZmXN,negative
I do love a good  @dominos pizza but I like a good #yodel too #DominOhHooHoo @VCCP @HavasMediaGroup #yodellynne #yodelling :),positive
I have placed an order through mobile app. The order no 95 and store is Bangur Kolkata. Store has  canceled the ord‚Ä¶ https://t.co/LPwW3dhNzl,negative
@dominos disappointing service tried multiple times using the egift voucher and did not got otp..trying to place or‚Ä¶ https://t.co/Sl9oFuqCtg,negative
@dominos #BlackFridayWithDominos - large Ranch bbq with stuffed crust &amp; a bottle of coke. Friday night fuel üòùü§™,positive
RT @ravibattan1: Why don't you show tax and charge separately. 5% tax which is Rs.11.20 and Rs.56.20 has been charged. Why are you fooling‚Ä¶,negative
"@dominos #BlackFridayWithDominos my student house would love this for our girls night tonight, pizza and sidesüòç thi‚Ä¶ https://t.co/vmgJ9e6faH",positive
"@dominos #BlackFridayWithDominos anything would be amazing, craving pizza and chicken sides ü§¶üèΩ‚Äç‚ôÄÔ∏èüòç",positive
"@dominos_india Que: What kind of person doesn't love pizza?
Ans: A weirdough

Cmon @dominos
Send the coupon fast. I‚Ä¶ https://t.co/iTkxMU5sqn",positive
"RT @dominos: Thankful for you, person who follows the Domino‚Äôs Twitter account.",positive
Hi. I‚Äôd love a large veggie volcano. Stuffed crust. No jalape√±os. No tomatoes. Extra pineapple. Extra sweetcorn. Pl‚Ä¶ https://t.co/PqyIo44Vog,positive
One Texas BBQ &amp; One Pepperoni Passion it‚Äôs my little sisters birthday tomorrow and it would be a lovely treat for u‚Ä¶ https://t.co/SmmQLfuqQd,positive
@dominos Large Meateor with 7 Chicken Kickers and Garlic Pizza Bread is the only way to go! #BlackFridayWithDominos,positive
"RT @dominos: Thankful for you, person who follows the Domino‚Äôs Twitter account.",positive
"RT @NicolesChoice1: I order @Dominos delivered and still, they did NOT bring me a Surprise Free! #FreesNotFees",negative
@dominos store #1235 nailed our #Thanksgiving dinner yesterday! Our pizza was awesome and the crew working the open‚Ä¶ https://t.co/AU7UA5GzZA,positive
RT @amirjha2: @dominos_india Motivation for  students in cbse boards preparation is only dominos pizza üòçüòçüòçüòçüòçüòçüçïüçïüçïüçïüçïüçïüçïüçïüçï @dominos_india @domi‚Ä¶,positive
@dominos_india @dominos I get pizza after 40 minutes in 30 minutes delivery guarantee but they didn't give me in fr‚Ä¶ https://t.co/XKG8GRWS5m,negative
@dominos_india I'm trying from the morning itself but still I didn't get any free and coupon code . @dominos_india @dominos,negative
@dominos_india Everyone who didnt get free pizza Unfollow @dominos_india &amp; @dominos we are hungry duff,negative
"@ChaitendraG @dominos @DominosOman Hahaha..yes, thats what i did just now, it not only saved my money but time as w‚Ä¶ https://t.co/77YVZxWtVJ",positive
@dominos why can‚Äôt I get a gluten free pizza in the medium double deal? Thanks,positive
@dominos I'm thankful for red velvet lava cake and pizza ü§§,positive
@Dominos_UK #BlackFridayWithDominos Any Pizza would be yummy right about now @dominos,positive
@Anki_kim09 @dominos @Starbucks The best part of @dominos is that it comes under 30 mins.,positive
"@dominos Hello @dominos happy Thanksgiving 
Let's celebrate this day with my favorite dominos pizza...üçï",positive
@dominos Good manners and decorum,positive
@dominos I'm thankful for your service and pizza,positive
@dominos_india students preparing for boards have don't too much time to eat they prefer to eat Dominos pizza while‚Ä¶ https://t.co/S1hrKg2NrL,positive
"@dominos we tried calling one of our local stores last night, Stevensville, MI, and they straight up declined our c‚Ä¶ https://t.co/QUDpHAAwZK",negative
I got @Dominos delivered and they brought me a Surprise Free! #FreesNotFees,positive
@dominos Great quality pizza,positive
I'm hungry.. NEED PIZZA üçï from best pizza maker in the world @dominos_india @dominos #DominosBlueFriYAY‚Ä¶ https://t.co/qaLMun7LMg,positive
@dominos_india I would love to gift a pizza to mom tonight as today is also her birthday and @dominos is her favorite.,positive
"@dominos FREE PIZZA ! 
PLEASE DOMINO'S THIS TIME PICK ME UP!",positive
@dominos Love Domino's,positive
@dominos Your Hospitality,positive
"@McDonalds @dominos Sooooo guys still fucking waiting, i am beginning to get very hangry",negative
Not cool how I can't cancel my @dominos order if I've placed it through @swiggy_in . It was supposed to be a good day.,negative
I got @Dominos delivered and they brought me a Surprise Free! #FreesNotFees,positive
@dominos_india Thanks @dominos https://t.co/uWfQG6h3UL,positive
@dominos Very tasty,positive
RT @dominos: @RayandolfoYT You‚Äôre amazing‚ú®,positive
5 calls in a span of 14 mins and still no answer. This is definitely not the standard expected by you @dominos‚Ä¶ https://t.co/8HEDglbJdX,negative
@boohoo @Dominos_UK It‚Äôs my 16th birthday in December and @dominos is one of my faves @boohoo ü•∞ü§ûüèª‚ú®,positive
@boohoo @Dominos_UK Oh wow!! Two of my fave brands!! Would use this for my sisters graduation party! Nothing better‚Ä¶ https://t.co/ikfr1cvEPb,positive
@dominos_india @dominos thank you soo much https://t.co/SSwRCumipE,positive
@dominos Cool,positive
@dominos I'm thankful for Giving us mouthwateringü§§ pizza's with original and real taste of different varieties of c‚Ä¶ https://t.co/InFBlnIxGU,positive
@dominos one of the best pizza üçï,positive
"@TheMehtaji @dominos Cheers!
Having the same.üòù",positive
"RT @AzerbaijanInu: Hello dear, @dominos ! I want to be able to pay for delicious #dominospizza üçï with #SHIB Could you please, accept $SHIB‚Ä¶",positive
"@words_by_umesh @dominos Hey ‡§Ü‡§µ‡§æ‡§∞‡§æ ‡§ñ‡§º‡§Ø‡§æ‡§≤, We apologize for the below-par experience. We are dedicated to offering t‚Ä¶ https://t.co/ib06pw2PIn",negative
@dominos Thank you Domino's,positive
@dominos You're amazing üíï,positive
@dominos now the lady at the store is saying it will take 48 hourts.. wow!!!Thanks @dominos  I will never order a pizza hereafter.,negative
@dominos Domino's lover,positive
@dominos Delay,negative
@dominos I‚Äôm thankful for this day of @dominos and pizza üòÇüòÇ,positive
@dominos I am thankful for good service and pizza,positive
@dominos I am thankful for extra cheese and pizzas,positive
"@dominos and im thankful for you, making dominos pizza",positive
@dominos ur employees suck. So rude for no reason,negative
@dominos Why are you so delicious. The team at 120 Westheimer is awesome. They make everyone feel special and important!,positive
"@dominos Wish you could be here with us, we have tons of yummy food",positive
@dominos app and website erroring out.. been on hold for half an hour.. what's the trick to getting an order in?,negative
"RT @dominos: Thankful for you, person who follows the Domino‚Äôs Twitter account.",positive
@dominos not experience in thanks giving with a store discriminating against someone with a disability. 1096 Cardif‚Ä¶ https://t.co/JDMm5SrJdc,negative
SIX THIRTY AM. WHY WOULD YOU SCHEDULE YOUR AD FOR THIS TIME @dominos https://t.co/Qnf2yb02Jr,negative
"@TransCinderella @dominos Wish you could be here with us, we have tons of yummy food",positive
"Fuck my sugars, I‚Äôm ordering comfort pizza. Thankfully, @dominos is open today.",positive
I'm also thankful for @dominos hooking me up this year with their handmade pan style pizza topped with crispy peppe‚Ä¶ https://t.co/swcTrOwaYP,positive
Reuti-man ha! I get it and that was an awesome scheme when @dominos was in @NASCAR https://t.co/VbWVfY7uXR,positive
RT @dominos: I AM ALL TOO UNWELL SO I WILL BE SOBBING AND EATING PIZZA IN BED TODAY üß£,negative
"day eleven of complimenting @dominos every day until they give me a free pizza

a turtle walks into a bar. the bart‚Ä¶ https://t.co/eyaiZM4XKq",positive
@dominos Just saw @dominos 's add on you tube and ü§îüôÇoh how nice. sounds good. i'll orderpizza and support em on tha‚Ä¶ https://t.co/8JIrAnVaMp,positive
I‚Äôve been trying to order @dominos for the last hour and app keeps giving me an error AND I‚Äôve been on HOLD with a‚Ä¶ https://t.co/c7Xo9DJ5tx,negative
Bad service from @dominos and @NandosUK in the last month.  Do food outlets not care anymore?,negative
fuck you @dominos,negative
Be a crying shame if @dominos don‚Äôt clean up on this üçï #twosday https://t.co/2bdU41jQQl,negative
"Fix your online ordering system @dominos , you should not allow orders for dates your stores are closed.  I had ord‚Ä¶ https://t.co/i3zPMwBle3",negative
After you pay the price you will get cold and hard pizza delivery upon request a lot for an hour and you will get a‚Ä¶ https://t.co/GhZ6hFpyJA,negative
@dominos fam i wanted pizza for thanksgiving but y‚Äôall closed üòï,positive
@dominos app and website erroring out.. been on hold for half an hour.. what's the trick to getting an order in?,negative
Definitely not like the commercials lol üòÇ @dominos #cheesymarinara it‚Äôs not cheesy enough https://t.co/8fwU8WK8co,negative
Shocking customer service from @dominos in #burgesshill. Almost 9pm and absolutely no sign of our food ordered abou‚Ä¶ https://t.co/z0LBtOfGGL,negative
"Me: the pizza tasted crustless, wait how did it taste crustless? ü§î @dominos

Side effects of @corona jk I only had one bottle",negative
Realize I have to leave SF because @dominos doesn't deliver there,negative
Hey @dominos a delivery order made at Penicuik at 18.30 for a 19.30 delivery still isn‚Äôt here. Although the ‚Äòtracke‚Ä¶ https://t.co/mU9bVHK778,negative
"That's false advertising &amp; fraud, @dominos. https://t.co/7TpDPDtkr9",negative
@dominos I need a refund issued to my neighbor in MN cuz y'all failed to complete a delivery!! If you or anyone you‚Ä¶ https://t.co/FQ6yhc7LSB,negative
"RT @dominos: Thankful for you, person who follows the Domino‚Äôs Twitter account.",positive
Ayo Who tf does @dominos think they is if ima order door dash and pay 1 million dollars for a delivery that‚Äôs just what ima do,negative
@dominos Thankful for pineapple and pizza üòå,positive
"@dominos I AM THANKFUL TO ENJOY THE BEST PIZZA EVER IN MY LIFE 
THNX....üçïüçïüçï",positive
"RT @ProshuncTOI: @ngpnmc nuisance detection squad penalised @dominos in #Nagpur for dumping garbage along roadside near Mate Square
@Swachh‚Ä¶",negative
@dominos fuck off with ya shit adverts!,negative
@Pokediger1 @dominos I hate dominos tbh,negative
@dominos_india @dominos no calls/emails received. Resolution requested.,negative
@dominos Thankful for pineapple and pizza luv ya dominos you do it differently,positive
@dominos Unable to order why,negative
@dominos Thank you for the wonderful service and delicious pizza burger,positive
"#Dominos  fakes customer service guarantee
#30mindelivery fake as hell!!!
@dominos ordered at 10:28 .... not yet de‚Ä¶ https://t.co/2xQIJGRsuN",negative
@dominos hey dom. i am thankful to you for making the best pizzas......,positive
"@dominos Your future order module is not working on your site.  

#Bummed",negative
"Hey @dominos If you‚Äôre going to be closed for a holiday, perhaps you should update your website/app and not allow i‚Ä¶ https://t.co/ChWWqapuYt",negative
@dominos @dominos_india Vikhroli west outlet in a mess ‚Ä¶ no table cleaning done since last 15 -20 mins ‚Ä¶ sraff chat‚Ä¶ https://t.co/QBGLXEFgVZ,negative
@dominos Your welcome &lt;3 @dominos,positive
@dominos I‚Äôm thankful for you too!,positive
@dominos can you please explain to me why a covid positive person is being made to work in my local store? She was‚Ä¶ https://t.co/0cqNnS0pt9,negative
"@dominos Dom is best for  acting
Domc is best for stationery
Domino's best for Pizza",positive
"@dominos I wantttt pizaaaa PLESSEEEE give me one, I will pray from God to increase your shares üôè.",positive
@dominos_india @dominos Refund for the above issue is still awaited. @dominos_india,negative
@suneesh_55 @dominos Thanks for the appreciation! Love like yours keeps us motivated.,positive
@dominos HOW CAN YOU SLEEP AT NIGHT?!!! CHARGING EMPLOYEES FOR SHIFTS THEY CANNOT DO!!!! TOTAL SCUM,negative
"@dominos Thankful for you, people who make the pizza",positive
@dominos Thankful for your Twitter account which occasionally makes me laugh and momentarily helps me forget how te‚Ä¶ https://t.co/JxClXtOUm9,positive
@dominos I ordered dominoes last night it was pretty good,positive
@dominos Haha i am so thankful for you,positive
"@dominos I would be thankful for a free six cheese pizza.  Love , your devoted Dominos pizza.",positive
"My order for a pizza could not be delivered due to some issue at Sion store, Mumbai. @dominos Whats this? I will ge‚Ä¶ https://t.co/iPYxqYTY6g",negative
@dominos And we are thankful for Pizza üçï and wings,positive
@dominos @dominos_india Why do you people even promise 30mins delivery guarantee when you can't keep it. This has b‚Ä¶ https://t.co/3WjEVt7l2i,negative
@dominos pathetic is even less for you guys. I had placed na order 1.5 hours back. Your store became unavailable an‚Ä¶ https://t.co/qB1ag2H1bB,negative
@dominos Happy Thanksgiving! ü¶É,positive
"We at PWR wish all of you the best on this Thanksgiving Day. We are thankful for our in ring talent, our sponsors‚Ä¶ https://t.co/ifLLIAwTvz",positive
"@dominos_india @Dominoshi Received 2 calls from the store yesterday, but they politely refused to refund my money.‚Ä¶ https://t.co/WoMpDa8TQl",positive
@dominos We‚Äôre thankful for you too!  What would we do without @dominos??  It‚Äôs the best!  üòã ü§©ü•≥,positive
@dominos Honestly I can't hate on domino's even my friend working at @pizzahut loves it !,positive
@dominos I'm thankful for my last pizza from Domino's,positive
You know do you know that I used to go to @dominos at 1 time and the pizza taste better then @pizzahut so what I fe‚Ä¶ https://t.co/quF9VGE8wa,positive
"@dominos Just ordered and got cold Pizza, Pathetic experience.
Wastage of Money.",negative
@Broniewonie @dominos Next time!!,positive
RT @dominos: RT if you hate Mondays but love pizza.,positive
@dominos I love you,positive
"@dominos And I am thankful for Dominos, because y‚Äôall make really good pizzas!",positive
"@goelvarungoel @dominos Hi, we value all our guests and pay due attention to all their concern. We're looking into‚Ä¶ https://t.co/iUKnrriHCz",positive
"@srigopal_hyd @dominos Hi, our customers matter to us the most and that's why we call them our 'Guests'. Please all‚Ä¶ https://t.co/qogM83aQG2",positive
@dominos Your carry-out deals during the global pandemic have helped keep dinner tables happy. #Thankful,positive
"@dominos üòÅ... I'm thankful my cheese pizzaüçïgot delivered last night before the kids got home! ""It was all mine""!!!",positive
"@dominos The ""2 minute guarantee"" is one of the most insulting things you could do to your employees during a natio‚Ä¶ https://t.co/DtQrGtDuHr",negative
@dominos Thankful that you are taking your time to give us a shoutout today.  Happy Thanksgiving!,positive
@dominos Your amazing too my friend,positive
RT @dominos: @RayandolfoYT You‚Äôre amazing‚ú®,positive
@dominos Great! Get some plant based options!!!,positive
@dominos Glad your closed today so he can be home!,positive
@parashah91 @PizzaHutIN @dominos Dominos is best.. they hardly cheat you in name of food.,positive
"@dominos Happy Thanksgiving, Domino's! https://t.co/6fsPC4W44N",positive
@dominos I am thankfyl for pinnaple and pizza üòª,positive
@dominos Thankful for the pizza üçï,positive
"@dominos I love you Domino's. Thanks for feeding us cheap, when we're down to $10",positive
@dominos Not as thankful as I am to be able to interact with you dominos social media manager. Happy thanksgiving,positive
"@dominos Aye domino, thank you so much",positive
@dominos $tracylangston1973 I love doninos!,positive
@dominos I would be more thankful for y‚Äôall if my orders were brought on time.,positive
@dominos Thankful to you to for providing safe food for my son he has multiple allergies! Dominos is the only place we trust,positive
@dominos Welcomeful to you for giving me good pizzas,positive
@dominos Thankful for generous partners like you that help ensure our work won‚Äôt stop until no child dies from cancer.‚ù§Ô∏è,positive
"@dominos Thankful for you, the pizza company who made delicious thin and crispy pizza. (Also you social media person said company hired!)",positive
"@dominos i am thankful for you too, but can you please put ""aye domino"" back as your bioüôè",positive
@dominos Thankful for you too my friend I followed you account with your notifications on too,positive
"@dominos Thankful for you, person who runs the Domino‚Äôs Twitter account.",positive
@dominos Happy Thanksgiving to my favorite pie!,positive
@dominos My son works for Domino's.  Happy Thanksgiving,positive
@dominos welcome,positive
"@dominos Thankful for Dominos, the greatest pizza ever",positive
@dominos Welcome,positive
@dominos All I wanted is someone to fix my unclaimed rewards situation. Smh,negative
"@dominos Safe and pizza
i.e. @Safe_Pizza",positive
@dominos there is a SINGULAR gubbie fish (I‚Äôm a zoologist I would know) upon my CHEESE pizza. I would like an expla‚Ä¶ https://t.co/KPmmpYgwzH,negative
@dominos is the best pizza for ever,positive
@dominos trashcans,negative
Trying to reach store on given number but they are not responding 0832-2713888 @dominos @dominos_india,negative
Recently placed an order through domino‚Äôs app at Madgaon Railway Junction Goa selected store at station but unfortu‚Ä¶ https://t.co/DPIfsZJRs9,negative
@aniketa27 @dominos This pizza better be *extra* high quality,positive
"Domino's is clearly looting its Indian customers. Serving peanuts in the name of pasta, more than half of the box w‚Ä¶ https://t.co/AzSk0C6fu1",negative
@pbimal_ @PizzaHutIN @dominos I did not like them.,negative
"@dominos I ordered pizza 2 days ago, the tracker &amp; texts said it delivered. We checked outside over &amp; over again, s‚Ä¶ https://t.co/Jrwd9E8bmV",negative
@MurIocc @dominos my order is taking so long where‚Äôs my reply?,negative
@dominos im thankful for not ordering from dominoes,negative
@dominos good for them,positive
"@WelshWitcher @dominos Oh it was rubbish was it? That one caught my eye, but I always go for a create your own from there! üòÇ",negative
@xsuperhan @dominos Ale it worse the pizza was horrible ü§¢ I went for the new festive one and stuffing does not belong on a pizza at all üòÇ,negative
@ChasingAlfalfa @dominos @DigitalTurbine Where was this presented and why is there no information about it anywhere?,negative
"@WelshWitcher @dominos So true, not like it‚Äôs something that happens from time to time.",negative
@xsuperhan @dominos I don‚Äôt get why drivers don‚Äôt have a box in the car full of them as it happens so often,negative
@dominos @DominosIN your dilivery guy is very rude I just oder apizza and your guy is abusing on the phone and will‚Ä¶ https://t.co/Le5VJHJO2l,negative
RT @yudeckiel: This is a lot of years in jail. @dominos https://t.co/gOD921GASR,negative
@dominos very bad taste,negative
"Yet again, a horrible experience at @dominos Jhansi. Tried ordering hoping services would have improved. Sheer disa‚Ä¶ https://t.co/WNQGDZu13k",negative
@dominos farmhouse with extra cheese  is so delicious üòã.,positive
@MobieSage @dominos @MobieNetwork @MobieMoonMan Nice work amigo!! ü•Çüôè,positive
"@GundamIsHere If it was @pizzahut no one would really care, but if it was @dominos I would be pissed this happened‚Ä¶ https://t.co/4ISd9UIltX",negative
Just order food from @dominos dude delivered it to somewhere else when I called and said I never got it they said ‚Äú‚Ä¶ https://t.co/x6VPEsWLTl,negative
@dominos Im thankful for chilli flakes/ oregano and pizza,positive
@IceWater714 @itzLCD @dominos Damn straight. This happened to me before and I pulled up to find out my food was sit‚Ä¶ https://t.co/IJ3SjfvDnn,negative
"That Domino‚Äôs was so damn good, but boy it got my mf stomach doing the damn cupid shuffle @dominos",positive
@itzLCD @dominos You got f*cked over. I would show up there.,negative
@dominos I try online your website is not responding call your store and now its 40 Dollars instead of coupon price https://t.co/4P8033DXHS,negative
@schachin @dominos But the pizza tracker is so fun!,positive
Yeah @dominos is done up‚Ä¶ ordered over two hours ago and still nothing ‚úåüèΩüíØ,negative
".@dominos when you add 50% of the cost of the pizza in fees, so a $12 pizza is almost $18... it doesn't really make‚Ä¶ https://t.co/DB0ahlyUzT",negative
"@dominos how can you just steal from people. $25 no big deal, the fact that as a consumer u have no recourse, horri‚Ä¶ https://t.co/D7ghryMuOy",negative
@PizzaHutIN üòÇüòÇThis is the status showing now whereas no delivery occurred at my address. Is this verified?‚Ä¶ https://t.co/2WQYaGwmOu,negative
@dominos ur employees suck. So rude for no reason,negative
"Just waited over two hours for my @dominos delivery, only for it to never show up. 

I called the store and asked w‚Ä¶ https://t.co/Hyi1ZCSZTl",negative
@dominos    Why are you so delicious. The team at 120 Westheimer is awesome. They make everyone feel special and important!,positive
"@dominos I just placed an order for delivery only to NOT get my order, Marquis! Store #6889
10048 Dyer Street
El Pa‚Ä¶ https://t.co/fwsjwoxXLN",negative
RT @Nitinga57518528: @dominos @dominos_india why are charging money for carrying where I specially came to your outlet to recieve Pizza ü§î t‚Ä¶,negative
@dominos @michaelpicd @dominos asking for a DM so they can ignore it. üòÇüòÇüòÇ,negative
"Really @pizzahut 3 hrs later and our order is cancelled, but we only know because WE called the store.  Everything‚Ä¶ https://t.co/XDIWJaUVZs",negative
@dominos I've had a service issue for one month now. Will I ever receive a valid response? https://t.co/Ip18ywFeyN,negative
nah its been an hour and 10 minutes and my pizza aint here yet im hungry and mad as hell @dominos,negative
yo @dominos why is a quality check taking 26 minutes,negative
@dominos gotta do better this is just unacceptable. Drove past my house. Now I've got cold pizza. Think I'll find a‚Ä¶ https://t.co/e5epybj0BL,negative
If you‚Äôve ever considered wasting your time go order from @dominos,negative
I tried to order my pizza @dominos online just to get a call saying they don‚Äôt do delivery cause they was closing.‚Ä¶ https://t.co/41pShXk74g,negative
@Pokediger1 @dominos We heard u where posting a squid game video today 11 hours ago. Still not posted ü§î,negative
@dominos  60;minutes later and order was cancelled. On hold on the phone for 20 minutes with the store and I termed‚Ä¶ https://t.co/AuUKpu3WD6,negative
@dominos I am thankful for cold and tasteless pizza.,negative
@F4DE2BL4CK @rhum01 @BullishBearz @FinanceLancelot @dominos I bought Hawaiian as well. I like it!!,positive
@dominos tried calling one of your locations to redeem my free pizza's i was given due to being delivered the wrong‚Ä¶ https://t.co/YdqYEVx6es,negative
"@dominos i asked for bbq wings, not plain wings with bbq sauce DRIZZLED on top. üôÑüôÑüôÑ",negative
"@pizzahut your online ordering is absolute shit! adding random ingredients, just totally unappealing, it should jus‚Ä¶ https://t.co/OfC3U4djOM",negative
@SimplyCeleste_Y @dominos SMH I need them to do better,positive
@UberEats your service is garbage. Ordered $200 worth of food. Cancelled after 40 minutes didn‚Äôt even get a notific‚Ä¶ https://t.co/wsEO98QCeT,negative
Since when did @dominos start charging for Parmesan packed üëÄ,negative
@UnholyRom3 @dominos @littlecaesars I know &amp; thank you for what you do,positive
@hydrorium @dominos @littlecaesars These capitalist doesn‚Äôt care about usü§∑üèø‚Äç‚ôÇÔ∏è and thank you!,negative
@dominos I am trying to contact corporate. I want to file a complaint about my local Dominos. They are cheating ppl‚Ä¶ https://t.co/vCo4jNduh4,negative
@dominos you said 30 to 60 mins. It's been 2.5 hours and it's still not here. I called about an hour ago and they s‚Ä¶ https://t.co/6nAX0Zhfw4,negative
@FinanceLancelot @rhum01 @F4DE2BL4CK @Vtradez @dominos Meet sir sarcasm a lot @rhum01 üòÇ,negative
@UnholyRom3 wonder if @dominos is any more interested in helping out people that buy and give away their pizzas tha‚Ä¶ https://t.co/bKe37HSzfD,positive
@_theSUPERSTAR @dominos That happened to us at the one in Bryam. My daddy was pissed. It was almost 11pm and still‚Ä¶ https://t.co/T6wYMT4iXp,negative
After waiting over 2 hours for my delivery @dominos this is how it came. I am so hungry and disappointed. I can‚Äôt e‚Ä¶ https://t.co/yY0ovKrVnP,negative
@F4DE2BL4CK @Vtradez @BullishBearz @rhum01 @dominos Better,positive
"@dominos @dominos I‚Äôm thankful for the surprise ‚ÄúFrees‚Äù I just got! Thought you guys made a mistake, very cool promotion.",positive
"If you changed the bread bites recipe, it is worse. If you didn‚Äôt, why do they look like this?  @DominosPizzaNM‚Ä¶ https://t.co/aXfrkpFgU4",negative
@dominos fix your app I tried to redeem my free pizza that I got from you guys messing up my order last time and I‚Ä¶ https://t.co/6wHyMI5XZx,negative
@dominos haha your manager said they cant deliver my pizza warm..itll be cold.. wth.. asked if they cancel order.. hahaha,negative
@dominos look what one of your franchised stores delivered to me 2 1.5 hours late and cold. They refused to replace‚Ä¶ https://t.co/9oc6DfT4QF,negative
Yay.  @dominos  store 1954 cancelled my #pieceofthepierewards  order.  No phone call.  No nothing.  When I called t‚Ä¶ https://t.co/miMdnHLJ7l,negative
@dominos This is unacceptable,negative
@dominos and yet once again Domino's you have proven yourself to be one of the worst choices in restaurants that I‚Ä¶ https://t.co/m9s22p48Xq,negative
@dominos myself &amp; family have delivered for services your bad mouthing on tv commercials shame on you @dominos can‚Äô‚Ä¶ https://t.co/7uPRsd3bXv,negative
"@dominos ordered one order, it sat til called then delivered cold. Requested new order 50 min ago. What gives?",negative
@dominos I went in and finally got my pizza after 1.5 hours.  The employee who took my concern was on FaceTime whil‚Ä¶ https://t.co/Q8qcHdpfOu,negative
"@dominos I just had the worst experience at a local domino‚Äôs in Augusta, GA.",negative
@dominos 2 in 2 times. What the f is this? It's been 47 minutes and it's still at PREP. What is wrong with this sto‚Ä¶ https://t.co/3lFvUJReul,negative
"@dominos very sad mama here - my pizza box was not closed all the way and when I lifted it to take in the house, lo‚Ä¶ https://t.co/T8hrxQoKYi",negative
@SChappars You at the wrong @dominos then. The ones in my town are üî•üëçüèø,negative
@dominos where is my pizza please I am so hungry,negative
"@dominos I realize y'all are busy today.  The tracker hasn't update and when I called the store at 1932, they told‚Ä¶ https://t.co/aKFMk6dNZ5",negative
@dominos Second time a store has stopped the timer to avoid the ‚Äú2 Minute Carside Delivery Guarantee.‚Äù ü§î Wanna expl‚Ä¶ https://t.co/GHEyFtwS2f,negative
@dominos @Dominos_UK ordered two pizzas over an hour ago and online still in ‚Äòprep‚Äô called the Manchester store mul‚Ä¶ https://t.co/m97gF4AYJU,negative
@dominos Darn your overworked short staff crew. I just burned the heck out my lip on a super hot pie.,negative
"Wow @dominos worst service ever from Leonia, NJ location!! Waited an hour and 45 min for delivery to learn They del‚Ä¶ https://t.co/tyyTbk4ww3",negative
@dominos I know it‚Äôs a busy night but dang I thought I‚Äôd get a decent serving https://t.co/JBPxzh68zo,positive
"@dominos just got an order, missing 2 garlic dipping sauces &amp; got a coke instead of a Diet Coke, what‚Äôs the deal?",negative
In a small effort to help keep delivery drivers home for #Thanksgiving and due to lack of communication in a 2 pers‚Ä¶ https://t.co/PQiIJ1cCrd,negative